{"_type":"export","__export_format":4,"__export_date":"2022-07-20T14:40:20.660Z","__export_source":"insomnia.desktop.app:v2022.2.1","resources":[{"_id":"req_d5038115cc574dcd8e59f5399ce5a072","parentId":"fld_57a32a70a9294bdca47a4ca87dc6d70a","modified":1658154663941,"created":1658154401194,"url":"localhost:8888/orderservice/default","name":"Get orderservice config","description":"","method":"GET","body":{},"parameters":[],"headers":[],"authentication":{"type":"basic","useISO88591":false,"disabled":false,"username":"root","password":"s3cr3t"},"metaSortKey":-1658154401194,"isPrivate":false,"settingStoreCookies":true,"settingSendCookies":true,"settingDisableRenderRequestBody":false,"settingEncodeUrl":true,"settingRebuildPath":true,"settingFollowRedirects":"global","_type":"request"},{"_id":"fld_57a32a70a9294bdca47a4ca87dc6d70a","parentId":"wrk_d6dcd1d59d874803a2e0b93ed9e11a04","modified":1658310261291,"created":1658148203639,"name":"Config-Server","description":"","environment":{},"environmentPropertyOrder":null,"metaSortKey":-1658171708119,"_type":"request_group"},{"_id":"wrk_d6dcd1d59d874803a2e0b93ed9e11a04","parentId":null,"modified":1658148043801,"created":1658148043801,"name":"Spring Cloud","description":"","scope":"collection","_type":"workspace"},{"_id":"req_ee0c899636b447eea1d00ed3d9ccea6e","parentId":"fld_57a32a70a9294bdca47a4ca87dc6d70a","modified":1658154403577,"created":1658150879083,"url":"localhost:8888/encrypt","name":"Encrypt","description":"","method":"POST","body":{"mimeType":"text/plain","text":"test"},"parameters":[],"headers":[{"name":"Content-Type","value":"text/plain","id":"pair_7df9806c678044d185338db542603345"}],"authentication":{},"metaSortKey":-1658150879083,"isPrivate":false,"settingStoreCookies":true,"settingSendCookies":true,"settingDisableRenderRequestBody":false,"settingEncodeUrl":true,"settingRebuildPath":true,"settingFollowRedirects":"global","_type":"request"},{"_id":"req_dbd02e0f27a14d75bc562617742f5d4d","parentId":"fld_2f378e01ee634a3bacbfe95ac106cf98","modified":1658241306573,"created":1658241300521,"url":"https://radiant-lake-06969.herokuapp.com/eureka/apps","name":"Heroku API","description":"","method":"GET","body":{},"parameters":[],"headers":[],"authentication":{},"metaSortKey":-1658241300521,"isPrivate":false,"settingStoreCookies":true,"settingSendCookies":true,"settingDisableRenderRequestBody":false,"settingEncodeUrl":true,"settingRebuildPath":true,"settingFollowRedirects":"global","_type":"request"},{"_id":"fld_2f378e01ee634a3bacbfe95ac106cf98","parentId":"wrk_d6dcd1d59d874803a2e0b93ed9e11a04","modified":1658171708069,"created":1658171708069,"name":"Registry-Server","description":"","environment":{},"environmentPropertyOrder":null,"metaSortKey":-1658171708069,"_type":"request_group"},{"_id":"req_574b42fd6adf4f04a38bdc2bf048fcf1","parentId":"fld_2f378e01ee634a3bacbfe95ac106cf98","modified":1658171710716,"created":1658171686744,"url":"localhost:8761/eureka/apps/orderservice","name":"Eureka app info","description":"","method":"GET","body":{},"parameters":[],"headers":[],"authentication":{},"metaSortKey":-1658171686744,"isPrivate":false,"settingStoreCookies":true,"settingSendCookies":true,"settingDisableRenderRequestBody":false,"settingEncodeUrl":true,"settingRebuildPath":true,"settingFollowRedirects":"global","_type":"request"},{"_id":"req_b2cade1dfeac4e6c9819ff305963e8cb","parentId":"fld_b392b16314a94130acba8ed7a537e9c2","modified":1658310248835,"created":1658310219815,"url":"http://localhost:8081/products/1","name":"Get sample product","description":"","method":"GET","body":{},"parameters":[],"headers":[],"authentication":{},"metaSortKey":-1658310219815,"isPrivate":false,"settingStoreCookies":true,"settingSendCookies":true,"settingDisableRenderRequestBody":false,"settingEncodeUrl":true,"settingRebuildPath":true,"settingFollowRedirects":"global","_type":"request"},{"_id":"fld_b392b16314a94130acba8ed7a537e9c2","parentId":"wrk_d6dcd1d59d874803a2e0b93ed9e11a04","modified":1658310258778,"created":1658310212649,"name":"Product-Service","description":"","environment":{},"environmentPropertyOrder":null,"metaSortKey":-1658163285465,"_type":"request_group"},{"_id":"req_ccacc4859b8d4a809346ab771ed02d96","parentId":"fld_4e3ce05d0a874c8bb07e2a63a8d20b76","modified":1658319455126,"created":1658319434201,"url":"http://localhost:8082/customers?phoneNumber=111","name":"Get sample customer","description":"","method":"GET","body":{},"parameters":[],"headers":[],"authentication":{},"metaSortKey":-1658310219815,"isPrivate":false,"settingStoreCookies":true,"settingSendCookies":true,"settingDisableRenderRequestBody":false,"settingEncodeUrl":true,"settingRebuildPath":true,"settingFollowRedirects":"global","_type":"request"},{"_id":"fld_4e3ce05d0a874c8bb07e2a63a8d20b76","parentId":"wrk_d6dcd1d59d874803a2e0b93ed9e11a04","modified":1658319434198,"created":1658319434198,"name":"Customer-Service","description":"","environment":{},"environmentPropertyOrder":null,"metaSortKey":-1658159074163,"_type":"request_group"},{"_id":"req_55f1e235ee674d8495efb6a14f6d2e37","parentId":"fld_62516003cb134336bcf460e345294de2","modified":1658320151456,"created":1658310554633,"url":"localhost:8080/orders","name":"Place order","description":"","method":"POST","body":{"mimeType":"application/json","text":"{\n\t\"phoneNumber\": \"0163-1111123\",\n\t\"productQuantities\": {\n\t\t\"p1\": 12,\n\t\t\"p2\": 1,\n\t\t\"p3\": 800\n  }\n}"},"parameters":[],"headers":[{"name":"Content-Type","value":"application/json","id":"pair_a044c05b437a4765b2a7c0ecb3bcafd0"}],"authentication":{},"metaSortKey":-1658310554633,"isPrivate":false,"settingStoreCookies":true,"settingSendCookies":true,"settingDisableRenderRequestBody":false,"settingEncodeUrl":true,"settingRebuildPath":true,"settingFollowRedirects":"global","_type":"request"},{"_id":"fld_62516003cb134336bcf460e345294de2","parentId":"wrk_d6dcd1d59d874803a2e0b93ed9e11a04","modified":1658154862861,"created":1658154862861,"name":"Order-Service","description":"","environment":{},"environmentPropertyOrder":null,"metaSortKey":-1658154862861,"_type":"request_group"},{"_id":"req_8ec51826ef84461fb02d47dae6052555","parentId":"fld_62516003cb134336bcf460e345294de2","modified":1658154877400,"created":1658154868546,"url":"localhost:8080/orders/greeting","name":"Get greeting","description":"","method":"GET","body":{},"parameters":[],"headers":[],"authentication":{},"metaSortKey":-1658154868546,"isPrivate":false,"settingStoreCookies":true,"settingSendCookies":true,"settingDisableRenderRequestBody":false,"settingEncodeUrl":true,"settingRebuildPath":true,"settingFollowRedirects":"global","_type":"request"},{"_id":"env_b88eefec475c93bc86dde0499e758e63e2abe431","parentId":"wrk_d6dcd1d59d874803a2e0b93ed9e11a04","modified":1658148043809,"created":1658148043809,"name":"Base Environment","data":{},"dataPropertyOrder":null,"color":null,"isPrivate":false,"metaSortKey":1658148043809,"_type":"environment"},{"_id":"jar_b88eefec475c93bc86dde0499e758e63e2abe431","parentId":"wrk_d6dcd1d59d874803a2e0b93ed9e11a04","modified":1658154665054,"created":1658148043811,"name":"Default Jar","cookies":[{"key":"JSESSIONID","value":"291C708E404FB08BE1C3578BD6BFD64E","domain":"localhost","path":"/","httpOnly":true,"hostOnly":true,"creation":"2022-07-18T14:30:43.388Z","lastAccessed":"2022-07-18T14:31:05.053Z","id":"377230476787187"}],"_type":"cookie_jar"},{"_id":"spc_f25ffc618d334652a98f73412cbc7bd4","parentId":"wrk_d6dcd1d59d874803a2e0b93ed9e11a04","modified":1658148043804,"created":1658148043804,"fileName":"Spring Cloud","contents":"","contentType":"yaml","_type":"api_spec"}]}